{
  "conditions": {
    "always-defect": {
      "by_persona": {
        "agreeable": {
          "overall_defect_rate": {
            "mean": 0.4,
            "n": 5,
            "std": 0.35777087639996635
          },
          "per_round_defect_rate": {
            "1": {
              "mean": 0.0,
              "n": 5,
              "std": 0.0
            },
            "2": {
              "mean": 0.4,
              "n": 5,
              "std": 0.4898979485566356
            },
            "3": {
              "mean": 0.6,
              "n": 5,
              "std": 0.4898979485566356
            },
            "4": {
              "mean": 0.6,
              "n": 5,
              "std": 0.4898979485566356
            },
            "5": {
              "mean": 0.4,
              "n": 5,
              "std": 0.4898979485566356
            }
          }
        },
        "always_defect": {
          "overall_defect_rate": {
            "mean": 1.0,
            "n": 5,
            "std": 0.0
          },
          "per_round_defect_rate": {
            "1": {
              "mean": 1.0,
              "n": 5,
              "std": 0.0
            },
            "2": {
              "mean": 1.0,
              "n": 5,
              "std": 0.0
            },
            "3": {
              "mean": 1.0,
              "n": 5,
              "std": 0.0
            },
            "4": {
              "mean": 1.0,
              "n": 5,
              "std": 0.0
            },
            "5": {
              "mean": 1.0,
              "n": 5,
              "std": 0.0
            }
          }
        },
        "neutral": {
          "overall_defect_rate": {
            "mean": 0.42,
            "n": 5,
            "std": 0.19390719429665315
          },
          "per_round_defect_rate": {
            "1": {
              "mean": 0.0,
              "n": 5,
              "std": 0.0
            },
            "2": {
              "mean": 0.3,
              "n": 5,
              "std": 0.2449489742783178
            },
            "3": {
              "mean": 0.5,
              "n": 5,
              "std": 0.4472135954999579
            },
            "4": {
              "mean": 0.5,
              "n": 5,
              "std": 0.4472135954999579
            },
            "5": {
              "mean": 0.8,
              "n": 5,
              "std": 0.2449489742783178
            }
          }
        }
      },
      "runs": 5
    },
    "baseline": {
      "by_persona": {
        "neutral": {
          "overall_defect_rate": {
            "mean": 0.0,
            "n": 15,
            "std": 0.0
          },
          "per_round_defect_rate": {
            "1": {
              "mean": 0.0,
              "n": 15,
              "std": 0.0
            },
            "2": {
              "mean": 0.0,
              "n": 15,
              "std": 0.0
            },
            "3": {
              "mean": 0.0,
              "n": 15,
              "std": 0.0
            },
            "4": {
              "mean": 0.0,
              "n": 15,
              "std": 0.0
            },
            "5": {
              "mean": 0.0,
              "n": 15,
              "std": 0.0
            }
          }
        }
      },
      "runs": 5
    },
    "control": {
      "by_persona": {
        "agreeable": {
          "overall_defect_rate": {
            "mean": 0.165,
            "n": 20,
            "std": 0.305409561081509
          },
          "per_round_defect_rate": {
            "1": {
              "mean": 0.05,
              "n": 20,
              "std": 0.21794494717703367
            },
            "2": {
              "mean": 0.15,
              "n": 20,
              "std": 0.3570714214271425
            },
            "3": {
              "mean": 0.125,
              "n": 20,
              "std": 0.3112474899497183
            },
            "4": {
              "mean": 0.25,
              "n": 20,
              "std": 0.4330127018922193
            },
            "5": {
              "mean": 0.25,
              "n": 20,
              "std": 0.4330127018922193
            }
          }
        },
        "neutral": {
          "overall_defect_rate": {
            "mean": 0.1,
            "n": 10,
            "std": 0.1673320053068151
          },
          "per_round_defect_rate": {
            "1": {
              "mean": 0.0,
              "n": 10,
              "std": 0.0
            },
            "2": {
              "mean": 0.05,
              "n": 10,
              "std": 0.15
            },
            "3": {
              "mean": 0.15,
              "n": 10,
              "std": 0.32015621187164245
            },
            "4": {
              "mean": 0.15,
              "n": 10,
              "std": 0.32015621187164245
            },
            "5": {
              "mean": 0.15,
              "n": 10,
              "std": 0.32015621187164245
            }
          }
        }
      },
      "runs": 10
    },
    "cooperation-minus": {
      "by_persona": {
        "agreeable": {
          "overall_defect_rate": {
            "mean": 0.28,
            "n": 5,
            "std": 0.3919183588453085
          },
          "per_round_defect_rate": {
            "1": {
              "mean": 0.2,
              "n": 5,
              "std": 0.4
            },
            "2": {
              "mean": 0.2,
              "n": 5,
              "std": 0.4
            },
            "3": {
              "mean": 0.4,
              "n": 5,
              "std": 0.4898979485566356
            },
            "4": {
              "mean": 0.3,
              "n": 5,
              "std": 0.4
            },
            "5": {
              "mean": 0.3,
              "n": 5,
              "std": 0.4
            }
          }
        },
        "neutral": {
          "overall_defect_rate": {
            "mean": 0.16,
            "n": 5,
            "std": 0.19595917942265426
          },
          "per_round_defect_rate": {
            "1": {
              "mean": 0.0,
              "n": 5,
              "std": 0.0
            },
            "2": {
              "mean": 0.2,
              "n": 5,
              "std": 0.2449489742783178
            },
            "3": {
              "mean": 0.1,
              "n": 5,
              "std": 0.2
            },
            "4": {
              "mean": 0.3,
              "n": 5,
              "std": 0.4
            },
            "5": {
              "mean": 0.2,
              "n": 5,
              "std": 0.2449489742783178
            }
          }
        },
        "uncooperative": {
          "overall_defect_rate": {
            "mean": 0.36,
            "n": 5,
            "std": 0.31368774282716244
          },
          "per_round_defect_rate": {
            "1": {
              "mean": 0.2,
              "n": 5,
              "std": 0.2449489742783178
            },
            "2": {
              "mean": 0.3,
              "n": 5,
              "std": 0.4
            },
            "3": {
              "mean": 0.5,
              "n": 5,
              "std": 0.4472135954999579
            },
            "4": {
              "mean": 0.4,
              "n": 5,
              "std": 0.37416573867739417
            },
            "5": {
              "mean": 0.4,
              "n": 5,
              "std": 0.37416573867739417
            }
          }
        }
      },
      "runs": 5
    },
    "power-seeking": {
      "by_persona": {
        "agreeable": {
          "overall_defect_rate": {
            "mean": 0.4,
            "n": 10,
            "std": 0.2966479394838265
          },
          "per_round_defect_rate": {
            "1": {
              "mean": 0.1,
              "n": 10,
              "std": 0.3
            },
            "2": {
              "mean": 0.25,
              "n": 10,
              "std": 0.40311288741492746
            },
            "3": {
              "mean": 0.35,
              "n": 10,