{
  "fresh": {
    "debiased_rate": 0.7368421052631579,
    "ci95": 0.0,
    "n_transcripts": 1,
    "per_transcript": [
      0.7368421052631579
    ]
  },
  "after_control": {
    "debiased_rate": 0.6332521117608837,
    "ci95": 0.02347683846547167,
    "n_transcripts": 9,
    "per_transcript": [
      0.6578947368421053,
      0.631578947368421,
      0.5789473684210527,
      0.6842105263157895,
      0.5789473684210527,
      0.6111111111111112,
      0.675,
      0.65,
      0.631578947368421
    ]
  },
  "after_treatment": {
    "debiased_rate": 0.6607309941520467,
    "ci95": 0.017044828335195994,
    "n_transcripts": 10,
    "per_transcript": [
      0.7,
      0.65,
      0.65,
      0.625,
      0.6842105263157895,
      0.6388888888888888,
      0.7,
      0.625,
      0.65,
      0.6842105263157895
    ]
  },
  "treatment_minus_control": {
    "diff": 0.02747888239116303,
    "ci95_low": -0.0015329792745445055,
    "ci95_high": 0.05649074405687056
  }
}